{"loss": [1.4168270826339722, 1.0571047067642212], "accuracy": [0.49183157086372375, 0.6274105310440063], "val_loss": [1.1272163391113281, 0.9734303951263428], "val_accuracy": [0.61080002784729, 0.6628000140190125]}