{"loss": [1.228971242904663, 1.05420982837677], "accuracy": [0.5654526352882385, 0.628821074962616], "val_loss": [1.0877190828323364, 1.037618637084961], "val_accuracy": [0.6172000169754028, 0.631600022315979]}