{"loss": [1100.585693359375, 372.6093444824219, 349.26202392578125], "val_loss": [1579.5096435546875, 676.216064453125, 311.45281982421875]}